issue_number,title,target_labels_found,chosen_final_label,resolution_reason,html_url
138412,statefulset repliocas mismatch for a rabbitmqcluster,bug|question,bug,conflict_resolved_priority:bug+question,https://github.com/kubernetes/kubernetes/issues/138412
138251,Kubelet restart triggers UnexpectedAdmissionError for pods using device plugins in both initContainers and containers,bug|question,bug,conflict_resolved_priority:bug+question,https://github.com/kubernetes/kubernetes/issues/138251
135882,kube-apiserver problem,bug|question,bug,conflict_resolved_priority:bug+question,https://github.com/kubernetes/kubernetes/issues/135882
135015,Significant increase in network traffic with Kubernetes 1.34.1,bug|question,bug,conflict_resolved_priority:bug+question,https://github.com/kubernetes/kubernetes/issues/135015
134075,"Orphaned pod ""0008e5b2-6008-45b9-89cd-1aa60f896e24"" found, but volume paths are still present on disk",bug|question,bug,conflict_resolved_priority:bug+question,https://github.com/kubernetes/kubernetes/issues/134075
133884,The PodAndContainerStatsFromCRI feature doesn’t expose metrics.,bug|question,bug,conflict_resolved_priority:bug+question,https://github.com/kubernetes/kubernetes/issues/133884
132116,Incorrect kubectl logs error when node with pod has disappeared,bug|question,bug,conflict_resolved_priority:bug+question,https://github.com/kubernetes/kubernetes/issues/132116
131347,kubeadm init does not work,bug|question,bug,conflict_resolved_priority:bug+question,https://github.com/kubernetes/kubernetes/issues/131347
130839,NFS mount failed after GKE upgrade me to 1.32 from 1.31,bug|question,bug,conflict_resolved_priority:bug+question,https://github.com/kubernetes/kubernetes/issues/130839
130683,Job with no parellelism randomly creates 2 duplicate Pods instead of 1,bug|question,bug,conflict_resolved_priority:bug+question,https://github.com/kubernetes/kubernetes/issues/130683
129683,Reduce relist operations in client-go,bug|feature,bug,conflict_resolved_priority:bug+feature,https://github.com/kubernetes/kubernetes/issues/129683
129193,"""Error syncing pod, skipping"" err=""rpc error: code = Unavailable desc = connection error: desc = \""transport: Error whil",bug|question,bug,conflict_resolved_priority:bug+question,https://github.com/kubernetes/kubernetes/issues/129193
129097,Namespace deletion does not trigger container lifecycle hooks,bug|question,bug,conflict_resolved_priority:bug+question,https://github.com/kubernetes/kubernetes/issues/129097
129093,Link for cluster bootstrap is broken,bug|docs,bug,conflict_resolved_priority:bug+docs,https://github.com/kubernetes/kubernetes/issues/129093
129014,About `The connection to the server localhost:8080 was refused - did you specify the right host or port?`,bug|question,bug,conflict_resolved_priority:bug+question,https://github.com/kubernetes/kubernetes/issues/129014
129001,failed to get api resources with kubectl 1.30,bug|question,bug,conflict_resolved_priority:bug+question,https://github.com/kubernetes/kubernetes/issues/129001
128509,The request times out in dozens of milliseconds.,bug|question,bug,conflict_resolved_priority:bug+question,https://github.com/kubernetes/kubernetes/issues/128509
128381,"During the offline upgrade process from Kubernetes 1.22.16 to 1.25.1, the upgrade to version 1.24 proceeded normally, bu",bug|question,bug,conflict_resolved_priority:bug+question,https://github.com/kubernetes/kubernetes/issues/128381
128328,Master-Node Doesn't server service exposed port,bug|question,bug,conflict_resolved_priority:bug+question,https://github.com/kubernetes/kubernetes/issues/128328
128314,Kubectl exec disconnects automatically after 5m post upgrading the k8s cluster to 1.30,bug|question,bug,conflict_resolved_priority:bug+question,https://github.com/kubernetes/kubernetes/issues/128314
128151,"Control-plane unexpected node to ""Not Ready""",bug|question,bug,conflict_resolved_priority:bug+question,https://github.com/kubernetes/kubernetes/issues/128151
127991,CoreDNS not filter incorrect settings in /etc/resolv.conf,bug|question,bug,conflict_resolved_priority:bug+question,https://github.com/kubernetes/kubernetes/issues/127991
127950,Unable to migrate to kms v2,bug|question,bug,conflict_resolved_priority:bug+question,https://github.com/kubernetes/kubernetes/issues/127950
127900,bug(fakeclient): use fakeclient to create resource objects with GenerateName multiple times,bug|feature,bug,conflict_resolved_priority:bug+feature,https://github.com/kubernetes/kubernetes/issues/127900
127732,"Error from server (Forbidden): jobs.batch is forbidden: User ""system:node:k8s-master"" cannot list resource ""jobs"" in API",bug|question,bug,conflict_resolved_priority:bug+question,https://github.com/kubernetes/kubernetes/issues/127732
127729,/sig Network The InternalIP of the master node is abnormal,bug|question,bug,conflict_resolved_priority:bug+question,https://github.com/kubernetes/kubernetes/issues/127729
127720,error: You must be logged in to the server (Unauthorized),bug|question,bug,conflict_resolved_priority:bug+question,https://github.com/kubernetes/kubernetes/issues/127720
127676,/sig Network The kube-flannel pod on the worker node stays in CrashLoopBackOff status.,bug|question,bug,conflict_resolved_priority:bug+question,https://github.com/kubernetes/kubernetes/issues/127676
127657,ingress doesn't works well for namespaced scenario,bug|docs,bug,conflict_resolved_priority:bug+docs,https://github.com/kubernetes/kubernetes/issues/127657
127593,Removed important check in kubeadm.,bug|question,bug,conflict_resolved_priority:bug+question,https://github.com/kubernetes/kubernetes/issues/127593
127436,"Kubernetes 1.28.14 coredns not working, [ERROR] plugin/errors: 2 7550147287576560633.7996095784120876925. HINFO: read ud",bug|question,bug,conflict_resolved_priority:bug+question,https://github.com/kubernetes/kubernetes/issues/127436
127334,"is:issue is:open embed:rejected connection from #106.0.18.66:35592""(error""remoteerror :t1s:certificateembed:servername""""",bug|question,bug,conflict_resolved_priority:bug+question,https://github.com/kubernetes/kubernetes/issues/127334
127316,kubelet fails to start pods after upgrade to 1.31.X,bug|question,bug,conflict_resolved_priority:bug+question,https://github.com/kubernetes/kubernetes/issues/127316
127311,windows node join to linux master kubelet failed,bug|question,bug,conflict_resolved_priority:bug+question,https://github.com/kubernetes/kubernetes/issues/127311
127199,topologySpreadConstraints not working as expected,bug|question,bug,conflict_resolved_priority:bug+question,https://github.com/kubernetes/kubernetes/issues/127199
127114,upgrading kernel version of master node causes apiserver keeps restarting,bug|question,bug,conflict_resolved_priority:bug+question,https://github.com/kubernetes/kubernetes/issues/127114
127106,error: unable to upgrade connection: error dialing backend: dial tcp 127.0.0.1:25241: connect: connection refusedssh,bug|question,bug,conflict_resolved_priority:bug+question,https://github.com/kubernetes/kubernetes/issues/127106
126778,kubectl exec to pods causes unexpected exit 0 in concurrence with jobs running,bug|question,bug,conflict_resolved_priority:bug+question,https://github.com/kubernetes/kubernetes/issues/126778
126746,kube-proxy fails with CreateContainerConfigError when joining a 1.30.0 node to 1.30.4 cluster,bug|question,bug,conflict_resolved_priority:bug+question,https://github.com/kubernetes/kubernetes/issues/126746
126732,K8s pod will restart indefinitely,bug|question,bug,conflict_resolved_priority:bug+question,https://github.com/kubernetes/kubernetes/issues/126732
126598,Unable to access control plane after Kubernetes worker node reboot,bug|question,bug,conflict_resolved_priority:bug+question,https://github.com/kubernetes/kubernetes/issues/126598
126526,allow-metric-labels can not filter metrics,bug|question,bug,conflict_resolved_priority:bug+question,https://github.com/kubernetes/kubernetes/issues/126526
126430,Kubernetes Cert rotation,bug|feature,bug,conflict_resolved_priority:bug+feature,https://github.com/kubernetes/kubernetes/issues/126430
126378,IPVS backend active connections aren't distributed evenly,bug|question,bug,conflict_resolved_priority:bug+question,https://github.com/kubernetes/kubernetes/issues/126378
135009,Nuke option for Finalizers,feature|question,feature,conflict_resolved_priority:feature+question,https://github.com/kubernetes/kubernetes/issues/135009
133820,How to redirect root /unknown to 404,feature|question,feature,conflict_resolved_priority:feature+question,https://github.com/kubernetes/kubernetes/issues/133820
128665,unavailable etcd leading to unexpected pod recreation,feature|question,feature,conflict_resolved_priority:feature+question,https://github.com/kubernetes/kubernetes/issues/128665
127924,How to Freeze a Kubernetes Namespace to Prevent Deployments?,feature|question,feature,conflict_resolved_priority:feature+question,https://github.com/kubernetes/kubernetes/issues/127924
127110,`go get k8s.io/kubernetes/cmd/import-boss` command is pulling whole `K8s.io/kubernetes` package under the go.mod,feature|question,feature,conflict_resolved_priority:feature+question,https://github.com/kubernetes/kubernetes/issues/127110
126232,system:kubelet-api-admin does not have permissions to issue checkpoint.,docs|feature,docs,conflict_resolved_priority:docs+feature,https://github.com/kubernetes/kubernetes/issues/126232
126130,Implement a kube-proxy conntrack reconciler,bug|feature,bug,conflict_resolved_priority:bug+feature,https://github.com/kubernetes/kubernetes/issues/126130
126076,Document sinceTime for pod log API endpoint,docs|feature,docs,conflict_resolved_priority:docs+feature,https://github.com/kubernetes/kubernetes/issues/126076
125844,Add Container Optimized OS version to release notes for gke releases.,feature|question,feature,conflict_resolved_priority:feature+question,https://github.com/kubernetes/kubernetes/issues/125844
125754,Add more info into webhook to differentiate if a request is originating from custom controller or from other clients lik,docs|feature,docs,conflict_resolved_priority:docs+feature,https://github.com/kubernetes/kubernetes/issues/125754
124836,disable events?,feature|question,feature,conflict_resolved_priority:feature+question,https://github.com/kubernetes/kubernetes/issues/124836
124636,service.spec.externalIPs is unnecessarily limited (enhancement request),feature|question,feature,conflict_resolved_priority:feature+question,https://github.com/kubernetes/kubernetes/issues/124636
123571,Allow registration of Extension API Servers that are not Kubernetes Services,bug|feature,bug,conflict_resolved_priority:bug+feature,https://github.com/kubernetes/kubernetes/issues/123571
122430,new API to control kubelet,feature|question,feature,conflict_resolved_priority:feature+question,https://github.com/kubernetes/kubernetes/issues/122430
122167,What do you think about Didi upgrading k8s and causing the service to be down for three days?,feature|question,feature,conflict_resolved_priority:feature+question,https://github.com/kubernetes/kubernetes/issues/122167
122100,no need to recreate pod  when you update deployment template label,feature|question,feature,conflict_resolved_priority:feature+question,https://github.com/kubernetes/kubernetes/issues/122100
122054,How to build kubernetes base controller which will support different env's,feature|question,feature,conflict_resolved_priority:feature+question,https://github.com/kubernetes/kubernetes/issues/122054
121845,what lead to my apiserver overloaded?,feature|question,feature,conflict_resolved_priority:feature+question,https://github.com/kubernetes/kubernetes/issues/121845
121558,Unable to use the value of `image` as an env variable,feature|question,feature,conflict_resolved_priority:feature+question,https://github.com/kubernetes/kubernetes/issues/121558
120981,"Kubernetes ephemeral storage exhausted by a pod, rendering the cluster unusable",bug|feature,bug,conflict_resolved_priority:bug+feature,https://github.com/kubernetes/kubernetes/issues/120981
119797,Node resources utilisation vs pod utilisation ,feature|question,feature,conflict_resolved_priority:feature+question,https://github.com/kubernetes/kubernetes/issues/119797
119451,PVC dataSource is immutable,bug|feature,bug,conflict_resolved_priority:bug+feature,https://github.com/kubernetes/kubernetes/issues/119451
119132,Component CLI help does not list which feature gates are relevant,docs|feature,docs,conflict_resolved_priority:docs+feature,https://github.com/kubernetes/kubernetes/issues/119132
118728,Utilizing host kernel routing table in kubernetes,feature|question,feature,conflict_resolved_priority:feature+question,https://github.com/kubernetes/kubernetes/issues/118728
118265,nodeIP parameter is not implemented ,bug|feature,bug,conflict_resolved_priority:bug+feature,https://github.com/kubernetes/kubernetes/issues/118265
117501,NotReady node with ContainerGCFailed warning,docs|feature,docs,conflict_resolved_priority:docs+feature,https://github.com/kubernetes/kubernetes/issues/117501
117378,Harden kubernetes TLS certificates ,feature|question,feature,conflict_resolved_priority:feature+question,https://github.com/kubernetes/kubernetes/issues/117378
116867,`imagePullPolicy: Always` may pull stale image based off stale image digest resolution,docs|feature,docs,conflict_resolved_priority:docs+feature,https://github.com/kubernetes/kubernetes/issues/116867
116858,Job controller should wait for Pods to be in a terminal phase before considering them failed or succeeded,bug|feature,bug,conflict_resolved_priority:bug+feature,https://github.com/kubernetes/kubernetes/issues/116858
116636,If k8s support update resource on the fly,feature|question,feature,conflict_resolved_priority:feature+question,https://github.com/kubernetes/kubernetes/issues/116636
116496,Whether to support the session persistence function at the pod level,feature|question,feature,conflict_resolved_priority:feature+question,https://github.com/kubernetes/kubernetes/issues/116496
116495,[dual-stack]support service ipFamilies update event in service controller,bug|feature,bug,conflict_resolved_priority:bug+feature,https://github.com/kubernetes/kubernetes/issues/116495
116085,Custom Pod Security Standards ,feature|question,feature,conflict_resolved_priority:feature+question,https://github.com/kubernetes/kubernetes/issues/116085
115467,The graduation HPA container resource metrics to beta,bug|feature,bug,conflict_resolved_priority:bug+feature,https://github.com/kubernetes/kubernetes/issues/115467
125194,kubelet option ImageMaximumGCAge not accepting value in format day and hour (1d1h),bug|docs,bug,conflict_resolved_priority:bug+docs,https://github.com/kubernetes/kubernetes/issues/125194
125188,Resource Quotas does not work correctly for services.nodeports,bug|docs,bug,conflict_resolved_priority:bug+docs,https://github.com/kubernetes/kubernetes/issues/125188
123120,K8s can't live without a default route,bug|docs,bug,conflict_resolved_priority:bug+docs,https://github.com/kubernetes/kubernetes/issues/123120
122420,PodSpec.hostAliases has a potentially misleading comment about hostNetwork,bug|docs,bug,conflict_resolved_priority:bug+docs,https://github.com/kubernetes/kubernetes/issues/122420
121853,"Kubernetes 1.26.1: Unexplained Authentication Error, Unexpected Resolution, and Certificate Renewal Quandaries",bug|docs|question,bug,conflict_resolved_priority:bug+docs+question,https://github.com/kubernetes/kubernetes/issues/121853
121265,Can’t get UserNamespacesSupport to work on kubernetes 1.28.1,bug|docs|question,bug,conflict_resolved_priority:bug+docs+question,https://github.com/kubernetes/kubernetes/issues/121265
120486,"(umbrella issue) Define, Deprecate, Roadmap the NodeNetworkUnvailable / NetworkUnavailable:false taints, tolerations, co",bug|docs,bug,conflict_resolved_priority:bug+docs,https://github.com/kubernetes/kubernetes/issues/120486
120171,Subject: Inaccurate Error Message for StatefulSet Updates in Kubernetes,bug|docs,bug,conflict_resolved_priority:bug+docs,https://github.com/kubernetes/kubernetes/issues/120171
116483,A restart Never static pod does not recreate mirror pod when it is deleted,bug|docs,bug,conflict_resolved_priority:bug+docs,https://github.com/kubernetes/kubernetes/issues/116483
116285,Service publishNotReadyAddresses and EndpointSlices Conditions,bug|docs,bug,conflict_resolved_priority:bug+docs,https://github.com/kubernetes/kubernetes/issues/116285
114839,CHANGELOG.md: Modified the content of the symbol file ,bug|docs,bug,conflict_resolved_priority:bug+docs,https://github.com/kubernetes/kubernetes/issues/114839
114210,"no defined semantics for EndpointSlices of type ""FQDN""",bug|docs,bug,conflict_resolved_priority:bug+docs,https://github.com/kubernetes/kubernetes/issues/114210
114050,SUPPORT.md should be updated,docs|feature,docs,conflict_resolved_priority:docs+feature,https://github.com/kubernetes/kubernetes/issues/114050
113935,Ephemeral container fails to be created for Static Pod,bug|docs,bug,conflict_resolved_priority:bug+docs,https://github.com/kubernetes/kubernetes/issues/113935
113713,whether related beta apis enabled for those  beta feature gates enabled by k8s 1.24 by default?,docs|question,docs,conflict_resolved_priority:docs+question,https://github.com/kubernetes/kubernetes/issues/113713
111753,log in desired_state_of_world.go seems to be wrong,bug|docs,bug,conflict_resolved_priority:bug+docs,https://github.com/kubernetes/kubernetes/issues/111753
110956,Resource Quota should enforce limits/request on ephemeral storage,bug|docs,bug,conflict_resolved_priority:bug+docs,https://github.com/kubernetes/kubernetes/issues/110956
110667,Installing from yum repo leads to repo signature verification error,bug|docs,bug,conflict_resolved_priority:bug+docs,https://github.com/kubernetes/kubernetes/issues/110667
110383,Can't start Kubelet with error transport: Error while dialing dial unix /var/run/containerd/containerd.sock: connect: no,docs|question,docs,conflict_resolved_priority:docs+question,https://github.com/kubernetes/kubernetes/issues/110383
109210,`StatefulSetStatus` attribute `availableReplicas` set to required by mistake?,bug|docs,bug,conflict_resolved_priority:bug+docs,https://github.com/kubernetes/kubernetes/issues/109210
108940,go1.18: Add metrics for SHA-1 certificates that will be rejected by go1.18,bug|docs,bug,conflict_resolved_priority:bug+docs,https://github.com/kubernetes/kubernetes/issues/108940
108609,Inject schedule name into newly created job,docs|feature,docs,conflict_resolved_priority:docs+feature,https://github.com/kubernetes/kubernetes/issues/108609
108604,kubectl create role command cannot recognize resource rs.extensions,bug|docs,bug,conflict_resolved_priority:bug+docs,https://github.com/kubernetes/kubernetes/issues/108604
108288,Add a new sig-scheduling meeting friendly to APAC timezones,docs|feature,docs,conflict_resolved_priority:docs+feature,https://github.com/kubernetes/kubernetes/issues/108288
107844,Kubeadm/kubeconfig: user should accept a in-cluster kubeadm config,docs|feature,docs,conflict_resolved_priority:docs+feature,https://github.com/kubernetes/kubernetes/issues/107844
107790,The error code for GenerateName conflict shouldn't be 409,bug|docs,bug,conflict_resolved_priority:bug+docs,https://github.com/kubernetes/kubernetes/issues/107790
107008,NetworkPolicySpec field doc is outdated,bug|docs,bug,conflict_resolved_priority:bug+docs,https://github.com/kubernetes/kubernetes/issues/107008
105978,[KEP-2400] Address swap impact on memory-backed volumes,docs|feature,docs,conflict_resolved_priority:docs+feature,https://github.com/kubernetes/kubernetes/issues/105978
105717,Fix Documentation for pod exec default values ,bug|docs,bug,conflict_resolved_priority:bug+docs,https://github.com/kubernetes/kubernetes/issues/105717
105710,kubectl options incorrect --> --skip-headers should be replaced with --no-headers,bug|docs,bug,conflict_resolved_priority:bug+docs,https://github.com/kubernetes/kubernetes/issues/105710
105658,Immutable Secrets are not renewed on recreation of pods,bug|docs,bug,conflict_resolved_priority:bug+docs,https://github.com/kubernetes/kubernetes/issues/105658
105369,kubectl convert plugin can't handle cloud.google.com/v1 BackendConfig,docs|question,docs,conflict_resolved_priority:docs+question,https://github.com/kubernetes/kubernetes/issues/105369
104707,no explanation for metadata filed of NodeMetrics/PodMetrics,bug|docs,bug,conflict_resolved_priority:bug+docs,https://github.com/kubernetes/kubernetes/issues/104707
104638,Kubernetes Service Document Update for AWS,bug|docs,bug,conflict_resolved_priority:bug+docs,https://github.com/kubernetes/kubernetes/issues/104638
104414,"Kubernetes version details are exposed via API even to not authenticated users, what may help potential attacker during ",docs|feature,docs,conflict_resolved_priority:docs+feature,https://github.com/kubernetes/kubernetes/issues/104414
104241,Documentation snapshots for version prior to `1.17` are served with an invalid certificate,bug|docs,bug,conflict_resolved_priority:bug+docs,https://github.com/kubernetes/kubernetes/issues/104241
104073,Misleading documentation about the supported OIDC signing algorithms ,bug|docs,bug,conflict_resolved_priority:bug+docs,https://github.com/kubernetes/kubernetes/issues/104073
104001,Is there any way to convert my k8s CRD into OpenApi json ?,docs|question,docs,conflict_resolved_priority:docs+question,https://github.com/kubernetes/kubernetes/issues/104001
102841,Container Lifecycle Hooks exit on non-0 exit code,docs|question,docs,conflict_resolved_priority:docs+question,https://github.com/kubernetes/kubernetes/issues/102841
102180,Source for Namespace API reference omits details of .status.phase,bug|docs,bug,conflict_resolved_priority:bug+docs,https://github.com/kubernetes/kubernetes/issues/102180
101298,'Source Code' heading is missing in CHANGELOG-1.xx.md,bug|docs,bug,conflict_resolved_priority:bug+docs,https://github.com/kubernetes/kubernetes/issues/101298
100596,document _output directory,docs|feature,docs,conflict_resolved_priority:docs+feature,https://github.com/kubernetes/kubernetes/issues/100596
100396,Usage of LocalStorageCapacityIsolation feature-gate from cluster operator perspective,bug|docs,bug,conflict_resolved_priority:bug+docs,https://github.com/kubernetes/kubernetes/issues/100396
99608,Container start failed on large cpu machines - cpu-shares gets set larger than the maximum of 262144,bug|docs,bug,conflict_resolved_priority:bug+docs,https://github.com/kubernetes/kubernetes/issues/99608
99076,kubectl-convert is not included in release artifacts,bug|docs,bug,conflict_resolved_priority:bug+docs,https://github.com/kubernetes/kubernetes/issues/99076
98659,Missing performance tests setup information,docs|feature,docs,conflict_resolved_priority:docs+feature,https://github.com/kubernetes/kubernetes/issues/98659
98069,externalTrafficPolicy:Local does not preserve source if client and server is the same POD,bug|docs,bug,conflict_resolved_priority:bug+docs,https://github.com/kubernetes/kubernetes/issues/98069
97256,Provide ServiceAccountTokenProjection migration example,docs|feature,docs,conflict_resolved_priority:docs+feature,https://github.com/kubernetes/kubernetes/issues/97256
96483,Document that disabling `enable-cadvisor-json-endpoints` flag does not disable stats summary endpoint,docs|feature,docs,conflict_resolved_priority:docs+feature,https://github.com/kubernetes/kubernetes/issues/96483
95156,scheduler framework plugins: document how to create a new in-tree plugin,docs|feature,docs,conflict_resolved_priority:docs+feature,https://github.com/kubernetes/kubernetes/issues/95156
94625,Document usage of cloud-controller-manager,docs|feature,docs,conflict_resolved_priority:docs+feature,https://github.com/kubernetes/kubernetes/issues/94625
94013,gcr.io/google-containers and gcr.io/k8s-artifacts-prod don't work anymore,bug|docs,bug,conflict_resolved_priority:bug+docs,https://github.com/kubernetes/kubernetes/issues/94013
93949,Analytics link not working in main README.md,bug|docs,bug,conflict_resolved_priority:bug+docs,https://github.com/kubernetes/kubernetes/issues/93949
93870,Official document PVC part problem,docs|question,docs,conflict_resolved_priority:docs+question,https://github.com/kubernetes/kubernetes/issues/93870
93756,Add admission webhook example,docs|feature,docs,conflict_resolved_priority:docs+feature,https://github.com/kubernetes/kubernetes/issues/93756
92521,consider setting GODEBUG=asyncpreemptoff=1,bug|docs,bug,conflict_resolved_priority:bug+docs,https://github.com/kubernetes/kubernetes/issues/92521
91820,Fresh install on Debian 10 fails with alot of not found in system path,bug|docs,bug,conflict_resolved_priority:bug+docs,https://github.com/kubernetes/kubernetes/issues/91820
91477,pod can not using set env，but the help message said it can,bug|docs,bug,conflict_resolved_priority:bug+docs,https://github.com/kubernetes/kubernetes/issues/91477
91165,EnvVarSource doc was wrong,bug|docs,bug,conflict_resolved_priority:bug+docs,https://github.com/kubernetes/kubernetes/issues/91165
90277,Use allowlist and denylist in public documentation,docs|feature,docs,conflict_resolved_priority:docs+feature,https://github.com/kubernetes/kubernetes/issues/90277
89824,External CA mode fail during kubelet-finalize,bug|docs,bug,conflict_resolved_priority:bug+docs,https://github.com/kubernetes/kubernetes/issues/89824
89651,--replicas has been deprecated,docs|question,docs,conflict_resolved_priority:docs+question,https://github.com/kubernetes/kubernetes/issues/89651
89414,Update bazel to v2.2.0,docs|feature,docs,conflict_resolved_priority:docs+feature,https://github.com/kubernetes/kubernetes/issues/89414
88852,"CSI Volumes marked ""Alpha"", but utilized in beta features",bug|docs,bug,conflict_resolved_priority:bug+docs,https://github.com/kubernetes/kubernetes/issues/88852
87934,Pod stuck at ContainerCreating status- Unable to attach or mount volumes: unmounted volumes,bug|docs|question,bug,conflict_resolved_priority:bug+docs+question,https://github.com/kubernetes/kubernetes/issues/87934
87683,API Docs for corev1.LimitRangeItem show type as +optional and omitempty,bug|docs,bug,conflict_resolved_priority:bug+docs,https://github.com/kubernetes/kubernetes/issues/87683
85904,Pod fails to download image from private registry,docs|question,docs,conflict_resolved_priority:docs+question,https://github.com/kubernetes/kubernetes/issues/85904
84872,Generate docs for the e2e tests,docs|feature,docs,conflict_resolved_priority:docs+feature,https://github.com/kubernetes/kubernetes/issues/84872
83562,Allow cross-object `--server-dry-run` to make use of earlier resources in multi-object manifest,docs|feature,docs,conflict_resolved_priority:docs+feature,https://github.com/kubernetes/kubernetes/issues/83562
83290,Adding support for _ (underscore) to the configmap metadata.name field,docs|feature,docs,conflict_resolved_priority:docs+feature,https://github.com/kubernetes/kubernetes/issues/83290
81804,Document the use of import-boss,bug|docs,bug,conflict_resolved_priority:bug+docs,https://github.com/kubernetes/kubernetes/issues/81804
80425,Cassandra ENV-VARS MAX_HEAP_SIZE and HEAP_NEWSIZE not passed to the JVM,bug|docs,bug,conflict_resolved_priority:bug+docs,https://github.com/kubernetes/kubernetes/issues/80425
80422,"doc for ""fake-gitserver"" need to be updated",bug|docs,bug,conflict_resolved_priority:bug+docs,https://github.com/kubernetes/kubernetes/issues/80422
79958,"GKE IAM authorizer can authorize verb=""*"" checks, but not specific verbs",bug|docs,bug,conflict_resolved_priority:bug+docs,https://github.com/kubernetes/kubernetes/issues/79958
79364,Unclear behavior when setting/updating already existing environment variables like PATH,bug|docs,bug,conflict_resolved_priority:bug+docs,https://github.com/kubernetes/kubernetes/issues/79364
79351,Incorrect max length check on metadata.name,bug|docs,bug,conflict_resolved_priority:bug+docs,https://github.com/kubernetes/kubernetes/issues/79351
78669,"PV created too small for PVC when you use the non-i based units M,G, etc.",bug|docs,bug,conflict_resolved_priority:bug+docs,https://github.com/kubernetes/kubernetes/issues/78669
77624,Kube Components no longer log to STDERR/STDOUT,bug|docs,bug,conflict_resolved_priority:bug+docs,https://github.com/kubernetes/kubernetes/issues/77624
75812,"The ""1.14 What's New"" ""(No, really, you MUST do this before you upgrade)""link  in CHANGELOG-1.14.md  are ineffective",bug|docs,bug,conflict_resolved_priority:bug+docs,https://github.com/kubernetes/kubernetes/issues/75812
75554,Docs need to be updated for recent change to default Secret and ConfigMap strategy,bug|docs,bug,conflict_resolved_priority:bug+docs,https://github.com/kubernetes/kubernetes/issues/75554
72320,CrashLoopBackoff Pod cannot be evicted because of PodDisruptionBudget,bug|docs,bug,conflict_resolved_priority:bug+docs,https://github.com/kubernetes/kubernetes/issues/72320
71783,Running 1.13.x kubelet against 1.12.x apiserver errors due to missing volumeMode,docs|question,docs,conflict_resolved_priority:docs+question,https://github.com/kubernetes/kubernetes/issues/71783
65036,SharedInformer documentation is missing or hard to find,bug|docs,bug,conflict_resolved_priority:bug+docs,https://github.com/kubernetes/kubernetes/issues/65036
59501,DELETE requests for some objects get response data with Object instead of Status object,bug|docs,bug,conflict_resolved_priority:bug+docs,https://github.com/kubernetes/kubernetes/issues/59501
59406,Pulling images from AWS ECR with docker credsStore option,bug|docs,bug,conflict_resolved_priority:bug+docs,https://github.com/kubernetes/kubernetes/issues/59406
57098,kube-apiserver auto generated spf13/cobra documentation misses `--v` switch.,bug|docs,bug,conflict_resolved_priority:bug+docs,https://github.com/kubernetes/kubernetes/issues/57098
55838,Missing name field in Pod example in docs,bug|docs,bug,conflict_resolved_priority:bug+docs,https://github.com/kubernetes/kubernetes/issues/55838
52391,Kubernetes Extended Scheduler Json example incorrectly mentioned ,bug|docs,bug,conflict_resolved_priority:bug+docs,https://github.com/kubernetes/kubernetes/issues/52391
50880,auto-generated file cannot be updated when api types changed/updated,bug|docs,bug,conflict_resolved_priority:bug+docs,https://github.com/kubernetes/kubernetes/issues/50880
50868,Documentation about required ports is lacking,docs|feature,docs,conflict_resolved_priority:docs+feature,https://github.com/kubernetes/kubernetes/issues/50868
50270,minor HPA documentation fix,bug|docs,bug,conflict_resolved_priority:bug+docs,https://github.com/kubernetes/kubernetes/issues/50270
49023,API changes devel doc is (very) outdated,bug|docs,bug,conflict_resolved_priority:bug+docs,https://github.com/kubernetes/kubernetes/issues/49023
48650,Update ResourceQuota documentation to reflect priority,docs|feature,docs,conflict_resolved_priority:docs+feature,https://github.com/kubernetes/kubernetes/issues/48650
48649,Write user documentation for priority and preemption,docs|feature,docs,conflict_resolved_priority:docs+feature,https://github.com/kubernetes/kubernetes/issues/48649
47871,Generation and ObservedGeneration should not be optional,bug|docs,bug,conflict_resolved_priority:bug+docs,https://github.com/kubernetes/kubernetes/issues/47871
45506,Document etcd supported versions and supported transitions (matrix?),docs|feature,docs,conflict_resolved_priority:docs+feature,https://github.com/kubernetes/kubernetes/issues/45506
43743,decent documentation for fresh admins,docs|feature,docs,conflict_resolved_priority:docs+feature,https://github.com/kubernetes/kubernetes/issues/43743
33193,ExecAction htmlpreview docs are misformatted at HEAD,bug|docs,bug,conflict_resolved_priority:bug+docs,https://github.com/kubernetes/kubernetes/issues/33193
28185,kube-apiserver crashes when configured via insecure connection,docs|question,docs,conflict_resolved_priority:docs+question,https://github.com/kubernetes/kubernetes/issues/28185
26513,"How Webhook works, where can find the details? thanks",docs|question,docs,conflict_resolved_priority:docs+question,https://github.com/kubernetes/kubernetes/issues/26513
26202,`kubectl apply deployment -f` doesn't accept label/selector changes,bug|docs,bug,conflict_resolved_priority:bug+docs,https://github.com/kubernetes/kubernetes/issues/26202
25578,Bug in Go client example documentation,bug|docs,bug,conflict_resolved_priority:bug+docs,https://github.com/kubernetes/kubernetes/issues/25578
23875,docs/devel/automation.md: points to nonexistent blunderbuss.yml,bug|docs,bug,conflict_resolved_priority:bug+docs,https://github.com/kubernetes/kubernetes/issues/23875
22621,Kubectl overview web page not rendered properly  ,bug|docs,bug,conflict_resolved_priority:bug+docs,https://github.com/kubernetes/kubernetes/issues/22621
22068,broken link on troubleshooting/logging page,bug|docs,bug,conflict_resolved_priority:bug+docs,https://github.com/kubernetes/kubernetes/issues/22068
20473,Document recommended way to not fail requests during rolling update,docs|question,docs,conflict_resolved_priority:docs+question,https://github.com/kubernetes/kubernetes/issues/20473
19949,Markdown to HTML conversion excludes go template content inside double curly braces,bug|docs,bug,conflict_resolved_priority:bug+docs,https://github.com/kubernetes/kubernetes/issues/19949
19822,kubectl update/replace not working for resources quotas ,docs|question,docs,conflict_resolved_priority:docs+question,https://github.com/kubernetes/kubernetes/issues/19822
19721,Broken link: Kubectl API Reference in kubernetes.io/docs,bug|docs,bug,conflict_resolved_priority:bug+docs,https://github.com/kubernetes/kubernetes/issues/19721
19039,missing  sentinel.py in redis image creation,bug|docs,bug,conflict_resolved_priority:bug+docs,https://github.com/kubernetes/kubernetes/issues/19039
18408,Can't delete pods in pending state?,docs|question,docs,conflict_resolved_priority:docs+question,https://github.com/kubernetes/kubernetes/issues/18408
17887,getting started ubuntu guide is out of date,bug|docs,bug,conflict_resolved_priority:bug+docs,https://github.com/kubernetes/kubernetes/issues/17887
17868,aws deploy script: cannot download tar from s3 by a public url,bug|docs,bug,conflict_resolved_priority:bug+docs,https://github.com/kubernetes/kubernetes/issues/17868
17677,http://kubernetes.io/v1.1/gs-custom.html refers to http://kubernetes.io/v1.0/docs/getting-started-guides/README.html,bug|docs,bug,conflict_resolved_priority:bug+docs,https://github.com/kubernetes/kubernetes/issues/17677
17448,Kubectl download links for 1.1.1 still point to 1.0.1,bug|docs,bug,conflict_resolved_priority:bug+docs,https://github.com/kubernetes/kubernetes/issues/17448
17362,Api docs wrong for service name,bug|docs,bug,conflict_resolved_priority:bug+docs,https://github.com/kubernetes/kubernetes/issues/17362
17360,Kubernetes volume using OpenStack cinder doesn't work.,docs|question,docs,conflict_resolved_priority:docs+question,https://github.com/kubernetes/kubernetes/issues/17360
17155,"API Reference: shows ""(VAR_NAME)"" instead of ""$$(VAR_NAME)""",bug|docs,bug,conflict_resolved_priority:bug+docs,https://github.com/kubernetes/kubernetes/issues/17155
17107,Migration Guide for 1.0.x to 1.1.x ?,docs|question,docs,conflict_resolved_priority:docs+question,https://github.com/kubernetes/kubernetes/issues/17107
16715,I cannot create wordpress and mysql using this guide ,docs|question,docs,conflict_resolved_priority:docs+question,https://github.com/kubernetes/kubernetes/issues/16715
16541,Write a munger to replace the tabs with spaces in ```yaml of *md,docs|feature,docs,conflict_resolved_priority:docs+feature,https://github.com/kubernetes/kubernetes/issues/16541
16132,documentation: upgrade without downtime,docs|feature,docs,conflict_resolved_priority:docs+feature,https://github.com/kubernetes/kubernetes/issues/16132
15699,"On kubernetes.io ""Quick Walkthrough (Basics Tutorials)"" is blank",bug|docs,bug,conflict_resolved_priority:bug+docs,https://github.com/kubernetes/kubernetes/issues/15699
15698,On kubernetes.io AWS link 404-s,bug|docs,bug,conflict_resolved_priority:bug+docs,https://github.com/kubernetes/kubernetes/issues/15698
12357,Broken link on kubernetes.io to http://kubernetes.io/v1.0/DESIGN.html ,bug|docs,bug,conflict_resolved_priority:bug+docs,https://github.com/kubernetes/kubernetes/issues/12357
12285,error:couldn't read version from server: Get https://10.245.1.2/api: dial tcp 10.245.1.2:443: no route to host,docs|question,docs,conflict_resolved_priority:docs+question,https://github.com/kubernetes/kubernetes/issues/12285
12265,When external source IP matters,docs|question,docs,conflict_resolved_priority:docs+question,https://github.com/kubernetes/kubernetes/issues/12265
12120,Kubernetes scale and performance support lacks details,docs|question,docs,conflict_resolved_priority:docs+question,https://github.com/kubernetes/kubernetes/issues/12120
11975,AWS + CoreOS + k8s 1.0.1 Documentation,docs|question,docs,conflict_resolved_priority:docs+question,https://github.com/kubernetes/kubernetes/issues/11975
11923,"googleapi: Error 403: Insufficient Permission, insufficientPermissions",docs|question,docs,conflict_resolved_priority:docs+question,https://github.com/kubernetes/kubernetes/issues/11923
11696,walkthrough/k8s201.html error in rendered text,bug|docs,bug,conflict_resolved_priority:bug+docs,https://github.com/kubernetes/kubernetes/issues/11696
11687,"Service account is blocked by authorization. (DNS addon, kube2sky)",bug|docs,bug,conflict_resolved_priority:bug+docs,https://github.com/kubernetes/kubernetes/issues/11687
9244,coreos/azure: accessing services from the outside world,docs|question,docs,conflict_resolved_priority:docs+question,https://github.com/kubernetes/kubernetes/issues/9244
8943,'--api-prefix' option in 'kubectl proxy' documentation is wrong,bug|docs,bug,conflict_resolved_priority:bug+docs,https://github.com/kubernetes/kubernetes/issues/8943
8159,CoreOS + Azure + Weave Getting Started Guide Doesn't Work,docs|question,docs,conflict_resolved_priority:docs+question,https://github.com/kubernetes/kubernetes/issues/8159
8109,examples for RC with PodTemplate ref,docs|question,docs,conflict_resolved_priority:docs+question,https://github.com/kubernetes/kubernetes/issues/8109
7818,missing public IP in examples/logging-demo,docs|question,docs,conflict_resolved_priority:docs+question,https://github.com/kubernetes/kubernetes/issues/7818
7179,Update the Meteor example to use v1beta3 API,bug|docs,bug,conflict_resolved_priority:bug+docs,https://github.com/kubernetes/kubernetes/issues/7179
7100,Duplicate replacePod APIs defined in spec,bug|docs,bug,conflict_resolved_priority:bug+docs,https://github.com/kubernetes/kubernetes/issues/7100
6842,Some struct fields missing in swagger-spec,bug|docs,bug,conflict_resolved_priority:bug+docs,https://github.com/kubernetes/kubernetes/issues/6842
6841,"GCE, AWS and other Volume sources should be optional in the VolumeSource struct",bug|docs,bug,conflict_resolved_priority:bug+docs,https://github.com/kubernetes/kubernetes/issues/6841
6440,Node stay in NotReady state (Ubuntu Single Node),docs|question,docs,conflict_resolved_priority:docs+question,https://github.com/kubernetes/kubernetes/issues/6440
4582,Pods constantly pending,docs|question,docs,conflict_resolved_priority:docs+question,https://github.com/kubernetes/kubernetes/issues/4582
126371,Kube-addon-manager fail to execute in kubernetes v1.28.7,bug|question,bug,conflict_resolved_priority:bug+question,https://github.com/kubernetes/kubernetes/issues/126371
126285,dra nvidia k8s-dra-driver helm chart install with error,bug|question,bug,conflict_resolved_priority:bug+question,https://github.com/kubernetes/kubernetes/issues/126285
126252,Kube 1.30.2 wouldn't not start on CentOS9 - OCI runtime create failed: runc create failed: unable to create new parent p,bug|question,bug,conflict_resolved_priority:bug+question,https://github.com/kubernetes/kubernetes/issues/126252
126168,"Intermittent error on new Nodes: ""Unable to locate credentials""",bug|question,bug,conflict_resolved_priority:bug+question,https://github.com/kubernetes/kubernetes/issues/126168
126028,Issue: NFS Server Not Mounting on Agent Pod,bug|question,bug,conflict_resolved_priority:bug+question,https://github.com/kubernetes/kubernetes/issues/126028
125992,[kubelet-check] Initial timeout of 40s passed,bug|question,bug,conflict_resolved_priority:bug+question,https://github.com/kubernetes/kubernetes/issues/125992
125845,"CoreDNS pod waits on kubernetes indefinitely, fails to start",bug|question,bug,conflict_resolved_priority:bug+question,https://github.com/kubernetes/kubernetes/issues/125845
125715,K8S not running POD only in k8s but working in K3S and Minikube,bug|question,bug,conflict_resolved_priority:bug+question,https://github.com/kubernetes/kubernetes/issues/125715
125602,The startup time of the init container is later than that of the application container.,bug|question,bug,conflict_resolved_priority:bug+question,https://github.com/kubernetes/kubernetes/issues/125602
125503,"The cluster kube-scheduler scheduling is unbalanced, causing the pod to hang and fail to run, even though there are curr",bug|question,bug,conflict_resolved_priority:bug+question,https://github.com/kubernetes/kubernetes/issues/125503
125476,Can k8s restrict kubelet from using kmem through configuration,bug|question,bug,conflict_resolved_priority:bug+question,https://github.com/kubernetes/kubernetes/issues/125476
125380,Kubelet stop watching Pods from API-Server,bug|question,bug,conflict_resolved_priority:bug+question,https://github.com/kubernetes/kubernetes/issues/125380
125339,readinessProbe not failing if command is not installed,bug|question,bug,conflict_resolved_priority:bug+question,https://github.com/kubernetes/kubernetes/issues/125339
125315,"Kubernetes 1.30 and containerd 1.7.16 onpremise setup, pods networking is not working containerd status is failing",bug|question,bug,conflict_resolved_priority:bug+question,https://github.com/kubernetes/kubernetes/issues/125315
125283,The connection to the server Master_IP:6443 was refused - did you specify the right host or port?,bug|question,bug,conflict_resolved_priority:bug+question,https://github.com/kubernetes/kubernetes/issues/125283
125267,"Container runtime network not ready"" networkReady=""NetworkReady=false reason:NetworkPluginNotReady message:Network plugi",bug|question,bug,conflict_resolved_priority:bug+question,https://github.com/kubernetes/kubernetes/issues/125267
125242,runtime: failed to create new OS thread,bug|question,bug,conflict_resolved_priority:bug+question,https://github.com/kubernetes/kubernetes/issues/125242
125184,"DNS resolution fails within the cluster, and it can only resolve the Pods deployed on the same host",bug|question,bug,conflict_resolved_priority:bug+question,https://github.com/kubernetes/kubernetes/issues/125184
125172,Kube-system pods are in crashlookbackup state when the OS is upgraded from RHEL 7.9 to 9.3.,bug|question,bug,conflict_resolved_priority:bug+question,https://github.com/kubernetes/kubernetes/issues/125172
124940,last applied annotations are not getting updated,bug|question,bug,conflict_resolved_priority:bug+question,https://github.com/kubernetes/kubernetes/issues/124940
124903,One Node all pods got crashloopbackoff,bug|question,bug,conflict_resolved_priority:bug+question,https://github.com/kubernetes/kubernetes/issues/124903
124495,"K8s error message: unexpected error getting claim reference: selfLink was empty, can't make reference",bug|question,bug,conflict_resolved_priority:bug+question,https://github.com/kubernetes/kubernetes/issues/124495
124407,Kubelet tries to get ContainerStatus of non-existent containers when initializing a cluster,bug|question,bug,conflict_resolved_priority:bug+question,https://github.com/kubernetes/kubernetes/issues/124407
124368,exec /usr/local/bin/docker-entrypoint.sh argument list too long,bug|question,bug,conflict_resolved_priority:bug+question,https://github.com/kubernetes/kubernetes/issues/124368
124359,kubeadm uses and configures kube-log-runner,bug|question,bug,conflict_resolved_priority:bug+question,https://github.com/kubernetes/kubernetes/issues/124359
124308,StartError (exit code 128) when pod tries to mount configmap that is being changed at same time,bug|question,bug,conflict_resolved_priority:bug+question,https://github.com/kubernetes/kubernetes/issues/124308
124257,"After k8s was downgraded from 1.23 to 1.19.15, token access report 401",bug|question,bug,conflict_resolved_priority:bug+question,https://github.com/kubernetes/kubernetes/issues/124257
124204,"invalid bearer token, service account token has been invalidated",bug|question,bug,conflict_resolved_priority:bug+question,https://github.com/kubernetes/kubernetes/issues/124204
124164,failed to run `update-codegen.sh`,bug|question,bug,conflict_resolved_priority:bug+question,https://github.com/kubernetes/kubernetes/issues/124164
124095,"Even if the container has failed, the DaemonSet pod's phase still shows running",bug|question,bug,conflict_resolved_priority:bug+question,https://github.com/kubernetes/kubernetes/issues/124095
124058,Failed to watch *v1.Service: failed to list *v1.Service,bug|question,bug,conflict_resolved_priority:bug+question,https://github.com/kubernetes/kubernetes/issues/124058
124054,"K8s workers NotReady, Kubelet stopped posting node status, kubelet service log ""Error getting node"" err=""node \""workerno",bug|question,bug,conflict_resolved_priority:bug+question,https://github.com/kubernetes/kubernetes/issues/124054
123959,Debian Bookworm installation not stable,bug|question,bug,conflict_resolved_priority:bug+question,https://github.com/kubernetes/kubernetes/issues/123959
123882,pod preemptionPolicy can not set,bug|question,bug,conflict_resolved_priority:bug+question,https://github.com/kubernetes/kubernetes/issues/123882
123867,"Not able to install kubectl,kubelet and kubeadm in kubernates",bug|question,bug,conflict_resolved_priority:bug+question,https://github.com/kubernetes/kubernetes/issues/123867
123787, conn.go:254] Error on socket receive: read tcp 127.0.0.1:33421->127.0.0.1:54136: use of closed network connection,bug|question,bug,conflict_resolved_priority:bug+question,https://github.com/kubernetes/kubernetes/issues/123787
123616,how to connect specific Pods of Api and asp.net core MVC in Kubernetes?,bug|question,bug,conflict_resolved_priority:bug+question,https://github.com/kubernetes/kubernetes/issues/123616
123604,Multiple Timestamp Directories Exist in the Mount Directory After the Server Is Powered Off,bug|question,bug,conflict_resolved_priority:bug+question,https://github.com/kubernetes/kubernetes/issues/123604
123596,Unable to register node master when running kubeadm init,bug|question,bug,conflict_resolved_priority:bug+question,https://github.com/kubernetes/kubernetes/issues/123596
123577,pod stuck in terminating after upgrading to v1.26.2,bug|question,bug,conflict_resolved_priority:bug+question,https://github.com/kubernetes/kubernetes/issues/123577
123404,Why is the service type of nodeport downgraded from ipvs to iptables,bug|question,bug,conflict_resolved_priority:bug+question,https://github.com/kubernetes/kubernetes/issues/123404
123395,kubernetes 1.16 to 1.20,bug|question,bug,conflict_resolved_priority:bug+question,https://github.com/kubernetes/kubernetes/issues/123395
123368,Installing the k8s server using kubeadm and restarting it resulted in the master node being unable to connect to the ser,bug|question,bug,conflict_resolved_priority:bug+question,https://github.com/kubernetes/kubernetes/issues/123368
123237,Many pods get stuck with Completed and Error status,bug|question,bug,conflict_resolved_priority:bug+question,https://github.com/kubernetes/kubernetes/issues/123237
123208,"[kubeadm] Apparently, it's not possible to change the Node CIDR Mask Size",bug|question,bug,conflict_resolved_priority:bug+question,https://github.com/kubernetes/kubernetes/issues/123208
123173,kubelet service in windows is pause/kubeadm join is failing ,bug|question,bug,conflict_resolved_priority:bug+question,https://github.com/kubernetes/kubernetes/issues/123173
123167,kubectl create crd error,bug|question,bug,conflict_resolved_priority:bug+question,https://github.com/kubernetes/kubernetes/issues/123167
123067,"After an application runs in an IPv6 environment for a period of time, what should I do if the IPv6 address of the ping ",bug|question,bug,conflict_resolved_priority:bug+question,https://github.com/kubernetes/kubernetes/issues/123067
123018,How can I compile Kubernetes with gollvm and generate IR?,bug|question,bug,conflict_resolved_priority:bug+question,https://github.com/kubernetes/kubernetes/issues/123018
123013,"e2e_node help message about ""--kubeconfig"" flag is not correct ",bug|question,bug,conflict_resolved_priority:bug+question,https://github.com/kubernetes/kubernetes/issues/123013
122632,confusing CRI-O error from cadvisor for nodes that use containerd,bug|question,bug,conflict_resolved_priority:bug+question,https://github.com/kubernetes/kubernetes/issues/122632
122609,"kubelet.service entered failed state  (code=exited, status=1/FAILURE)",bug|question,bug,conflict_resolved_priority:bug+question,https://github.com/kubernetes/kubernetes/issues/122609
122598,fail to connect to pod network,bug|question,bug,conflict_resolved_priority:bug+question,https://github.com/kubernetes/kubernetes/issues/122598
122586,kube-apiserver doesn't correctly apply /etc/kubernetes/manifests/kube-apiserver.yaml,bug|question,bug,conflict_resolved_priority:bug+question,https://github.com/kubernetes/kubernetes/issues/122586
122577,Pause image seems make no sense in kubeadm part,bug|question,bug,conflict_resolved_priority:bug+question,https://github.com/kubernetes/kubernetes/issues/122577
122492,k8s v1.29 dualstack cluster deployment is failing to bring up calico node and coredns,bug|question,bug,conflict_resolved_priority:bug+question,https://github.com/kubernetes/kubernetes/issues/122492
122431,Pods in Kubernetes cluster frequently experience crashes and restarts,bug|question,bug,conflict_resolved_priority:bug+question,https://github.com/kubernetes/kubernetes/issues/122431
122390,"When upgrading in rolling upgrade mode (1.25.7 to 1.26.9), some pods are not restarting due to authentication failure ",bug|question,bug,conflict_resolved_priority:bug+question,https://github.com/kubernetes/kubernetes/issues/122390
122338,"restart kubelet, the node change its status from ready to notready",bug|question,bug,conflict_resolved_priority:bug+question,https://github.com/kubernetes/kubernetes/issues/122338
122303,Deletion of upgrade-health-check during the upgrade preflight could fail  due to a race condition and surfaced as Create,bug|question,bug,conflict_resolved_priority:bug+question,https://github.com/kubernetes/kubernetes/issues/122303
122275,Dynamic selector for PVC,bug|question,bug,conflict_resolved_priority:bug+question,https://github.com/kubernetes/kubernetes/issues/122275
122274,"The kube-controller-manager and kube-apiserver nodes fail, making the whole cluster non-working",bug|question,bug,conflict_resolved_priority:bug+question,https://github.com/kubernetes/kubernetes/issues/122274
122199,ExternalName to resolve  a custom domain in Bare metal K8s,bug|question,bug,conflict_resolved_priority:bug+question,https://github.com/kubernetes/kubernetes/issues/122199
122155,subPath 挂载 卷 的二级目录为空，无法挂载,bug|question,bug,conflict_resolved_priority:bug+question,https://github.com/kubernetes/kubernetes/issues/122155
122110,loki helm upgrade failed from helm version 2.11.1 to 3.3.3 on eks 1.24 version,bug|question,bug,conflict_resolved_priority:bug+question,https://github.com/kubernetes/kubernetes/issues/122110
122094,HA Cluster initialization issues,bug|question,bug,conflict_resolved_priority:bug+question,https://github.com/kubernetes/kubernetes/issues/122094
122084,Unable to install/init kubernetes>1.23.17 on centos9stream (on kcli vm),bug|question,bug,conflict_resolved_priority:bug+question,https://github.com/kubernetes/kubernetes/issues/122084
121835,Configmap can't exeed 8k in certain conditions,bug|question,bug,conflict_resolved_priority:bug+question,https://github.com/kubernetes/kubernetes/issues/121835
121772,unable to sync kubernetes service:,bug|question,bug,conflict_resolved_priority:bug+question,https://github.com/kubernetes/kubernetes/issues/121772
121769,ctr i import throws Segmentation fault,bug|question,bug,conflict_resolved_priority:bug+question,https://github.com/kubernetes/kubernetes/issues/121769
121714,install k8s failed,bug|question,bug,conflict_resolved_priority:bug+question,https://github.com/kubernetes/kubernetes/issues/121714
121603,CrashBackOff Status in Kube-Apiserver while Deploying,bug|question,bug,conflict_resolved_priority:bug+question,https://github.com/kubernetes/kubernetes/issues/121603
121467,"file"" err=""failed to load Kubelet config file /etc/kubernetes/kubelet.conf, error failed to decode: no kind \""Config\"" i",bug|question,bug,conflict_resolved_priority:bug+question,https://github.com/kubernetes/kubernetes/issues/121467
121417,Worker node failed to join the cluster,bug|question,bug,conflict_resolved_priority:bug+question,https://github.com/kubernetes/kubernetes/issues/121417
121388,Defects of anti-affinity plus rolling upgrade,bug|question,bug,conflict_resolved_priority:bug+question,https://github.com/kubernetes/kubernetes/issues/121388
121263,valueFrom slow work,bug|question,bug,conflict_resolved_priority:bug+question,https://github.com/kubernetes/kubernetes/issues/121263
121102,"Error adding pod to CNI network ""crio"": plugin type=""bridge"" failed (add): failed to set bridge addr: could not add IP a",bug|question,bug,conflict_resolved_priority:bug+question,https://github.com/kubernetes/kubernetes/issues/121102
121005,We are seeing readiness probe warning before initialDelaySeconds and Startup probe,bug|question,bug,conflict_resolved_priority:bug+question,https://github.com/kubernetes/kubernetes/issues/121005
120918,configmap formatting issue when extra blank space or new line added in configmap,bug|question,bug,conflict_resolved_priority:bug+question,https://github.com/kubernetes/kubernetes/issues/120918
120906,Pod restore failed after using checkpoint providede by kubelet.,bug|question,bug,conflict_resolved_priority:bug+question,https://github.com/kubernetes/kubernetes/issues/120906
120890,After renew the certs getting error in kube-apiserver pod logs : Unable to authenticate the request due to an error: x50,bug|question,bug,conflict_resolved_priority:bug+question,https://github.com/kubernetes/kubernetes/issues/120890
120841,How to setup a warmup period for the scaled-out replicas in Kubernetes?,bug|question,bug,conflict_resolved_priority:bug+question,https://github.com/kubernetes/kubernetes/issues/120841
120820,Which cert does kubelet used actually?,bug|question,bug,conflict_resolved_priority:bug+question,https://github.com/kubernetes/kubernetes/issues/120820
120790,Kubernetes job object is creating duplicate pods when completion count is set to 1,bug|question,bug,conflict_resolved_priority:bug+question,https://github.com/kubernetes/kubernetes/issues/120790
120734,"kubeadm failed to start kubelet. It attempted to use ""/run/containerd/containerd.sock"" instead of  /var/run/crio/crio.so",bug|question,bug,conflict_resolved_priority:bug+question,https://github.com/kubernetes/kubernetes/issues/120734
120545,'Connection Timed Out' error when executing inside running pod,bug|question,bug,conflict_resolved_priority:bug+question,https://github.com/kubernetes/kubernetes/issues/120545
120394, customize the storage directory of /var/lib/kubelet ,bug|question,bug,conflict_resolved_priority:bug+question,https://github.com/kubernetes/kubernetes/issues/120394
120383,How to manually disable ipv6,bug|question,bug,conflict_resolved_priority:bug+question,https://github.com/kubernetes/kubernetes/issues/120383
120378,all the pods status are pending in my environment ,bug|question,bug,conflict_resolved_priority:bug+question,https://github.com/kubernetes/kubernetes/issues/120378
120170,how to change the InPlacePodVerticalScaling flag while the k8s is installed by kubeadm,bug|question,bug,conflict_resolved_priority:bug+question,https://github.com/kubernetes/kubernetes/issues/120170
120115,[node-local dns] DNS requests intermittently receive `refused` response errors from node-local dns cache,bug|question,bug,conflict_resolved_priority:bug+question,https://github.com/kubernetes/kubernetes/issues/120115
119758,Dns not resolving *.svc.cluster.local only *.svc,bug|question,bug,conflict_resolved_priority:bug+question,https://github.com/kubernetes/kubernetes/issues/119758
119691,why my podstat.ContainerStats.Logs.UsedBytes continued rise?,bug|question,bug,conflict_resolved_priority:bug+question,https://github.com/kubernetes/kubernetes/issues/119691
119504,E2E framework imports 200+ Kubernetes E2E Specs,bug|question,bug,conflict_resolved_priority:bug+question,https://github.com/kubernetes/kubernetes/issues/119504
119416,kubelet failed to start: k8s version is v1.24.15 and ubuntu 16.04,bug|question,bug,conflict_resolved_priority:bug+question,https://github.com/kubernetes/kubernetes/issues/119416
119357,Kubernetes can't pull image from harbor,bug|question,bug,conflict_resolved_priority:bug+question,https://github.com/kubernetes/kubernetes/issues/119357
119320,GKE: metric server crashlooping,bug|question,bug,conflict_resolved_priority:bug+question,https://github.com/kubernetes/kubernetes/issues/119320
119228,Default load balancing when using NodePort services,bug|question,bug,conflict_resolved_priority:bug+question,https://github.com/kubernetes/kubernetes/issues/119228
119221,No resources found in namespace,bug|question,bug,conflict_resolved_priority:bug+question,https://github.com/kubernetes/kubernetes/issues/119221
119192,Yaml file using autoscaling/v1 creates an HPA with autoscaling/v2,bug|question,bug,conflict_resolved_priority:bug+question,https://github.com/kubernetes/kubernetes/issues/119192
119004,Not able to download docker images in my dockerhub repo,bug|question,bug,conflict_resolved_priority:bug+question,https://github.com/kubernetes/kubernetes/issues/119004
118944,Kubernetes certificate is expired and manual rotation is failing.,bug|question,bug,conflict_resolved_priority:bug+question,https://github.com/kubernetes/kubernetes/issues/118944
118925,how to manual rotation ca cert for k8s binary deployment,bug|question,bug,conflict_resolved_priority:bug+question,https://github.com/kubernetes/kubernetes/issues/118925
118824,Kubernetes COREDNS Timeout,bug|question,bug,conflict_resolved_priority:bug+question,https://github.com/kubernetes/kubernetes/issues/118824
118734,Failed to create STS,bug|question,bug,conflict_resolved_priority:bug+question,https://github.com/kubernetes/kubernetes/issues/118734
118673,telepresence helm install: error,bug|question,bug,conflict_resolved_priority:bug+question,https://github.com/kubernetes/kubernetes/issues/118673
118670,Helm upgrade points to old service account and fails with missing token,bug|question,bug,conflict_resolved_priority:bug+question,https://github.com/kubernetes/kubernetes/issues/118670
118663,Hardware interrupts are occurring at 0.3% on all CPUs.,bug|question,bug,conflict_resolved_priority:bug+question,https://github.com/kubernetes/kubernetes/issues/118663
118646,An unstable bug related to the restarting of a static pod for the apiserver,bug|question,bug,conflict_resolved_priority:bug+question,https://github.com/kubernetes/kubernetes/issues/118646
118632,Report duplicated entries of errors in k8s v1.26.4,bug|question,bug,conflict_resolved_priority:bug+question,https://github.com/kubernetes/kubernetes/issues/118632
118482,Informer HasSynced always been false,bug|question,bug,conflict_resolved_priority:bug+question,https://github.com/kubernetes/kubernetes/issues/118482
118461,kube-proxy pods continuously CrashLoopBackOff,bug|question,bug,conflict_resolved_priority:bug+question,https://github.com/kubernetes/kubernetes/issues/118461
118439,Kubernetes: Failed to fetch https://packages.cloud.google.com/apt/dists/kubernetes-xenial/main/binary-arm64,bug|question,bug,conflict_resolved_priority:bug+question,https://github.com/kubernetes/kubernetes/issues/118439
118415,Testing: ./consume-cpu/consume-cpu binary in resource-consumer tool didn't consume the specified millicores,bug|question,bug,conflict_resolved_priority:bug+question,https://github.com/kubernetes/kubernetes/issues/118415
118372,error on execution phase wait-control-plane: couldn't initialize a Kubernetes cluster on Ubuntu 22.04.02 LTS,bug|question,bug,conflict_resolved_priority:bug+question,https://github.com/kubernetes/kubernetes/issues/118372
118275,"When I used containerd as k8s, I had a problem adding containerd to an existing cluster. When I changed the storage path",bug|question,bug,conflict_resolved_priority:bug+question,https://github.com/kubernetes/kubernetes/issues/118275
118216,Etcd cannot running by static pod after kubeadm renew certs all,bug|question,bug,conflict_resolved_priority:bug+question,https://github.com/kubernetes/kubernetes/issues/118216
118139,Aftere upgrade kuberentes version v1.20.15 to v1.21.15 not comming up the controller manager,bug|question,bug,conflict_resolved_priority:bug+question,https://github.com/kubernetes/kubernetes/issues/118139
118074,unrecognized feature-gate key: UserNamespacesStatelessPodsSupport,bug|question,bug,conflict_resolved_priority:bug+question,https://github.com/kubernetes/kubernetes/issues/118074
117922,kube-scheduler/kube-controller can't recover automatically after retrieving lock timeout,bug|question,bug,conflict_resolved_priority:bug+question,https://github.com/kubernetes/kubernetes/issues/117922
117883,Lots of pods on Outofmemory state,bug|question,bug,conflict_resolved_priority:bug+question,https://github.com/kubernetes/kubernetes/issues/117883
117856,Job not running on scheduled time - Kubernetes CronJob,bug|question,bug,conflict_resolved_priority:bug+question,https://github.com/kubernetes/kubernetes/issues/117856
117772,time type field in configuration is zero when kubeadm create cluster,bug|question,bug,conflict_resolved_priority:bug+question,https://github.com/kubernetes/kubernetes/issues/117772
117293,Restart loop of kube-system pods after fresh install via kubeadm,bug|question,bug,conflict_resolved_priority:bug+question,https://github.com/kubernetes/kubernetes/issues/117293
117035,"forbidden: User \""system:anonymous\"" cannot get path \""/metrics\“",bug|question,bug,conflict_resolved_priority:bug+question,https://github.com/kubernetes/kubernetes/issues/117035
116740, creating a cluster with aws ec2 instances . while connecting worker node to master node getting an error.,bug|question,bug,conflict_resolved_priority:bug+question,https://github.com/kubernetes/kubernetes/issues/116740
116480,"memory pressure during kubeadm init with cgroup V2 , failed result after crashloop ",bug|question,bug,conflict_resolved_priority:bug+question,https://github.com/kubernetes/kubernetes/issues/116480
116453,one pod cannot access clusterIP of another pod that running on the same node after running a while,bug|question,bug,conflict_resolved_priority:bug+question,https://github.com/kubernetes/kubernetes/issues/116453
116316,failed to pull image registry.k8s.io | Freshly installation - cluster creation is failing ,bug|question,bug,conflict_resolved_priority:bug+question,https://github.com/kubernetes/kubernetes/issues/116316
116213,opnfv/functest-kubernetes-security:v1.23 run_tests -t kube_bench_master,bug|question,bug,conflict_resolved_priority:bug+question,https://github.com/kubernetes/kubernetes/issues/116213
116193,Kubelet client certificate has a different validity in multi master cluster.,bug|question,bug,conflict_resolved_priority:bug+question,https://github.com/kubernetes/kubernetes/issues/116193
116163,failed to run Kubelet: unable to determine runtime API version,bug|question,bug,conflict_resolved_priority:bug+question,https://github.com/kubernetes/kubernetes/issues/116163
116094,Unable to run hack/update-codegen.sh,bug|question,bug,conflict_resolved_priority:bug+question,https://github.com/kubernetes/kubernetes/issues/116094
115373,Some requests sent to the nodeport are not responding,bug|question,bug,conflict_resolved_priority:bug+question,https://github.com/kubernetes/kubernetes/issues/115373
114813,"two masters not ready because of the below error Unable to register node ""node name"" with API server: nodes is forbidden",bug|question,bug,conflict_resolved_priority:bug+question,https://github.com/kubernetes/kubernetes/issues/114813
114718, The control plane fails to be initialized. Procedure,bug|question,bug,conflict_resolved_priority:bug+question,https://github.com/kubernetes/kubernetes/issues/114718
114716,Problems with creating a high availability cluster using Kubeadm ,bug|question,bug,conflict_resolved_priority:bug+question,https://github.com/kubernetes/kubernetes/issues/114716
114715,An error occurred while trying to deploy 1.26 kubelet.service,bug|question,bug,conflict_resolved_priority:bug+question,https://github.com/kubernetes/kubernetes/issues/114715
114686,etcd CrashLoopBackOff updating kuber 1.23.9 to 1.24.8,bug|question,bug,conflict_resolved_priority:bug+question,https://github.com/kubernetes/kubernetes/issues/114686
114644,KubeletConfiguration does not marshal into a useable form,bug|question,bug,conflict_resolved_priority:bug+question,https://github.com/kubernetes/kubernetes/issues/114644
114593,Failed to create additional ephemeral containers,bug|question,bug,conflict_resolved_priority:bug+question,https://github.com/kubernetes/kubernetes/issues/114593
114547,CoreDNS fails on installation with kubeadm,bug|question,bug,conflict_resolved_priority:bug+question,https://github.com/kubernetes/kubernetes/issues/114547
114543,Prometheus cannot access/scrape kube-* services on master nodes,bug|question,bug,conflict_resolved_priority:bug+question,https://github.com/kubernetes/kubernetes/issues/114543
114538,UDP service ClusterIP not working,bug|question,bug,conflict_resolved_priority:bug+question,https://github.com/kubernetes/kubernetes/issues/114538
114529,tls: server chose an unconfigured cipher suite,bug|question,bug,conflict_resolved_priority:bug+question,https://github.com/kubernetes/kubernetes/issues/114529
114512," uid : exit status 1: 2022/12/15 22:48:30 socat[2186711] E getaddrinfo(""localhost"", ""NULL"", {1,2,1,6}, {}): Temporary fa",bug|question,bug,conflict_resolved_priority:bug+question,https://github.com/kubernetes/kubernetes/issues/114512
114354,The connection to the server localhost:8080 was refused - did you specify the right host or port?,bug|question,bug,conflict_resolved_priority:bug+question,https://github.com/kubernetes/kubernetes/issues/114354
114312,Kubernetes ImagePullPolicy Is Not Being Propogated To A Pod,bug|question,bug,conflict_resolved_priority:bug+question,https://github.com/kubernetes/kubernetes/issues/114312
114244,"In three node cluster, when change the /etc/kubernetes/manifests/etcd.yaml at the same time, one node's etcd static pod ",bug|question,bug,conflict_resolved_priority:bug+question,https://github.com/kubernetes/kubernetes/issues/114244
114081,"[BUG] Cannot operate Kubelet, possibly because of installation failure",bug|question,bug,conflict_resolved_priority:bug+question,https://github.com/kubernetes/kubernetes/issues/114081
114069,Only Metadata level audit logging is required for Kubernetes,bug|question,bug,conflict_resolved_priority:bug+question,https://github.com/kubernetes/kubernetes/issues/114069
114058,ExternalTrafficPolicy: Local does not work for NodePort Services,bug|question,bug,conflict_resolved_priority:bug+question,https://github.com/kubernetes/kubernetes/issues/114058
114034,kubeadm 1.24 init failed on Debian 11 with connection refused,bug|question,bug,conflict_resolved_priority:bug+question,https://github.com/kubernetes/kubernetes/issues/114034
113804,cluster role binding getting recreated after deletion or edit.,bug|question,bug,conflict_resolved_priority:bug+question,https://github.com/kubernetes/kubernetes/issues/113804
113590,virtiodev driver access problem in kubernetes and kind but everything works fine in minikube,bug|question,bug,conflict_resolved_priority:bug+question,https://github.com/kubernetes/kubernetes/issues/113590
113294,Unable to join the control plain node to the existing kubernetes cluster,bug|question,bug,conflict_resolved_priority:bug+question,https://github.com/kubernetes/kubernetes/issues/113294
113288,Is there a way to route to a specified statefulset pod through ingress,feature|question,feature,conflict_resolved_priority:feature+question,https://github.com/kubernetes/kubernetes/issues/113288
112974,kubeadm init always pull images even if perform this action in beforehand using 'kubeadm config images pull',bug|question,bug,conflict_resolved_priority:bug+question,https://github.com/kubernetes/kubernetes/issues/112974
112940,The update Pod was having trouble allocating memory,bug|question,bug,conflict_resolved_priority:bug+question,https://github.com/kubernetes/kubernetes/issues/112940
112915,Can't watch for custom resources using client-go,bug|question,bug,conflict_resolved_priority:bug+question,https://github.com/kubernetes/kubernetes/issues/112915
112550,error in installing ,bug|question,bug,conflict_resolved_priority:bug+question,https://github.com/kubernetes/kubernetes/issues/112550
112467,NetworkPolicy block access nginx-ingress-controller,bug|question,bug,conflict_resolved_priority:bug+question,https://github.com/kubernetes/kubernetes/issues/112467
112462,DNS lookup issue Kubernetes API: io.kubernetes.client.openapi.ApiException: java.net.ConnectException: Failed to connect,bug|question,bug,conflict_resolved_priority:bug+question,https://github.com/kubernetes/kubernetes/issues/112462
112378,kubeadm init fails to create ConfigMap when --upload certs is set,bug|question,bug,conflict_resolved_priority:bug+question,https://github.com/kubernetes/kubernetes/issues/112378
112371,Couldn't initialize a Kubernetes cluster,bug|question,bug,conflict_resolved_priority:bug+question,https://github.com/kubernetes/kubernetes/issues/112371
112367,kubeadm incorrectly fails on /80 IPv6 network,bug|question,bug,conflict_resolved_priority:bug+question,https://github.com/kubernetes/kubernetes/issues/112367
112364,kubelet service restart stuck,bug|question,bug,conflict_resolved_priority:bug+question,https://github.com/kubernetes/kubernetes/issues/112364
112250,port-forward remote debug broken,bug|question,bug,conflict_resolved_priority:bug+question,https://github.com/kubernetes/kubernetes/issues/112250
112210,Kubernetes: couldn't validate the identity of the API Server : protocol not available,bug|question,bug,conflict_resolved_priority:bug+question,https://github.com/kubernetes/kubernetes/issues/112210
112196,"The arm release cannot run on ARM chips (raspberry Pi, Kunpeng 920)",bug|question,bug,conflict_resolved_priority:bug+question,https://github.com/kubernetes/kubernetes/issues/112196
112148,[kubeadm] cannot pull k8s.gcr.io/coredns:v1.9.3,bug|question,bug,conflict_resolved_priority:bug+question,https://github.com/kubernetes/kubernetes/issues/112148
112082,Api Server pod automaticaaly restart,bug|question,bug,conflict_resolved_priority:bug+question,https://github.com/kubernetes/kubernetes/issues/112082
112033,kubeadm init  - unable to create ConfigMap,bug|question,bug,conflict_resolved_priority:bug+question,https://github.com/kubernetes/kubernetes/issues/112033
112018,The --selector flag in kubectl rollout restart not recognized,bug|question,bug,conflict_resolved_priority:bug+question,https://github.com/kubernetes/kubernetes/issues/112018
111940,control-plane is stuck with status `NotReady`,bug|question,bug,conflict_resolved_priority:bug+question,https://github.com/kubernetes/kubernetes/issues/111940
111895,How to get Kubernetes API Server to pass requestor token to authorization webhook ,bug|question,bug,conflict_resolved_priority:bug+question,https://github.com/kubernetes/kubernetes/issues/111895
111858,HA cluster control plane init - Error getting node,bug|question,bug,conflict_resolved_priority:bug+question,https://github.com/kubernetes/kubernetes/issues/111858
111779,GracefulNodeShutdown Not Working as expected.,bug|question,bug,conflict_resolved_priority:bug+question,https://github.com/kubernetes/kubernetes/issues/111779
111715,kubeadm init: failed to pull image even though the images had been pulled with docker,bug|question,bug,conflict_resolved_priority:bug+question,https://github.com/kubernetes/kubernetes/issues/111715
111591,[ERROR CRI]: container runtime is not running,bug|question,bug,conflict_resolved_priority:bug+question,https://github.com/kubernetes/kubernetes/issues/111591
111528,pull private image failed on k8s 1.24.3,bug|question,bug,conflict_resolved_priority:bug+question,https://github.com/kubernetes/kubernetes/issues/111528
111501,Why kubelet cert automatically rotation need to restart kubelet?,bug|question,bug,conflict_resolved_priority:bug+question,https://github.com/kubernetes/kubernetes/issues/111501
111469,"kube-proxy - Pod sandbox changed, it will be killed and re-created ",bug|question,bug,conflict_resolved_priority:bug+question,https://github.com/kubernetes/kubernetes/issues/111469
111326,Yum repo only has kubectl...kubeadm and kubelet are missing?,bug|question,bug,conflict_resolved_priority:bug+question,https://github.com/kubernetes/kubernetes/issues/111326
111304,kubectl apply ports changes broken,bug|question,bug,conflict_resolved_priority:bug+question,https://github.com/kubernetes/kubernetes/issues/111304
111266,KubeAPIErrorBudgetBurn,bug|question,bug,conflict_resolved_priority:bug+question,https://github.com/kubernetes/kubernetes/issues/111266
111216,Unable to build Kubernetes on Ubuntu arm64,bug|question,bug,conflict_resolved_priority:bug+question,https://github.com/kubernetes/kubernetes/issues/111216
111094,nodeAffinity preferred is selected over podaffinity required,feature|question,feature,conflict_resolved_priority:feature+question,https://github.com/kubernetes/kubernetes/issues/111094
110986,Wrong Kubernetes Config Image List ,bug|question,bug,conflict_resolved_priority:bug+question,https://github.com/kubernetes/kubernetes/issues/110986
110977,"Kube-proxy ""services have not yet been read at least once, cannot construct envvars""",bug|question,bug,conflict_resolved_priority:bug+question,https://github.com/kubernetes/kubernetes/issues/110977
110938,Why is the netns file in the /var/run/docker/netns/* not deleted after the container has been deleted in kubernetes?,bug|question,bug,conflict_resolved_priority:bug+question,https://github.com/kubernetes/kubernetes/issues/110938
110932,Can't create or delete a resource after the etcd restore procedure done with etcdctl,bug|question,bug,conflict_resolved_priority:bug+question,https://github.com/kubernetes/kubernetes/issues/110932
110725,"Creating custom certs for kubeadm resolving in a ""dead"" cluster",bug|question,bug,conflict_resolved_priority:bug+question,https://github.com/kubernetes/kubernetes/issues/110725
110692,"Liveness probe failed: Get ""https://*:6443/livez"": net/http: request canceled ",bug|question,bug,conflict_resolved_priority:bug+question,https://github.com/kubernetes/kubernetes/issues/110692
110686,Why is the netns file in the  /var/run/netns/* not deleted after the container has been deleted in kubernetes?,bug|question,bug,conflict_resolved_priority:bug+question,https://github.com/kubernetes/kubernetes/issues/110686
110659,kube-proxy: Services not reachable from master node,bug|question,bug,conflict_resolved_priority:bug+question,https://github.com/kubernetes/kubernetes/issues/110659
110636,kube-proxy  log: No  timestamp or log level,bug|question,bug,conflict_resolved_priority:bug+question,https://github.com/kubernetes/kubernetes/issues/110636
110613,"Kubectl cp fails with ""Error: archive/tar: invalid tar header"" even with retries on ",bug|question,bug,conflict_resolved_priority:bug+question,https://github.com/kubernetes/kubernetes/issues/110613
110550,Pods cannot resolve DNS,bug|question,bug,conflict_resolved_priority:bug+question,https://github.com/kubernetes/kubernetes/issues/110550
110393,coredns stuck at 'ContainerCreating',bug|question,bug,conflict_resolved_priority:bug+question,https://github.com/kubernetes/kubernetes/issues/110393
110352,[Upgrade] kubelet failed to start after kubernetes master node upgrade from v1.23.7 to v1.24.1,bug|question,bug,conflict_resolved_priority:bug+question,https://github.com/kubernetes/kubernetes/issues/110352
110298,"I can't get ping my pod in master, but it work well in my slave node",bug|question,bug,conflict_resolved_priority:bug+question,https://github.com/kubernetes/kubernetes/issues/110298
110280,pod kube-flannel-ds CrashLoopBackOff,bug|question,bug,conflict_resolved_priority:bug+question,https://github.com/kubernetes/kubernetes/issues/110280
110177,Constant kube-system pod restard due to SandboxChanged under ubuntu Jammy,bug|question,bug,conflict_resolved_priority:bug+question,https://github.com/kubernetes/kubernetes/issues/110177
110161,timeout waiting for etcd cluster to be available,bug|question,bug,conflict_resolved_priority:bug+question,https://github.com/kubernetes/kubernetes/issues/110161
110038,I can't access apiserver:6443/version ,bug|question,bug,conflict_resolved_priority:bug+question,https://github.com/kubernetes/kubernetes/issues/110038
110035,"new invalid bearer token, square/go-jose: error in cryptographic primitive",bug|question,bug,conflict_resolved_priority:bug+question,https://github.com/kubernetes/kubernetes/issues/110035
109960,v1.24.0 kubeadm init --image-repository not works for k8s.gcr.io/pause:3.1,bug|question,bug,conflict_resolved_priority:bug+question,https://github.com/kubernetes/kubernetes/issues/109960
109887,kubeadm-config.yaml    certSANs,feature|question,feature,conflict_resolved_priority:feature+question,https://github.com/kubernetes/kubernetes/issues/109887
109495,namespace  XXX not found,bug|question,bug,conflict_resolved_priority:bug+question,https://github.com/kubernetes/kubernetes/issues/109495
109439,can't enable MixedProtocolLBService,bug|question,bug,conflict_resolved_priority:bug+question,https://github.com/kubernetes/kubernetes/issues/109439
109428,Still not able to create pod using minikube ,bug|question,bug,conflict_resolved_priority:bug+question,https://github.com/kubernetes/kubernetes/issues/109428
109207,resove failed,bug|question,bug,conflict_resolved_priority:bug+question,https://github.com/kubernetes/kubernetes/issues/109207
109152,service not work right with pod with ip in 169.254/16 ?,bug|question,bug,conflict_resolved_priority:bug+question,https://github.com/kubernetes/kubernetes/issues/109152
109143,init k8s master node : cannot create certificate signing request: dial tcp x.x.x.x:6443: connect: connection refused,bug|question,bug,conflict_resolved_priority:bug+question,https://github.com/kubernetes/kubernetes/issues/109143
109129,error validating data: kind not set; if you choose to ignore these errors,feature|question,feature,conflict_resolved_priority:feature+question,https://github.com/kubernetes/kubernetes/issues/109129
109126,error: no objects passed to create,feature|question,feature,conflict_resolved_priority:feature+question,https://github.com/kubernetes/kubernetes/issues/109126
108951,How to specify the network card when initializing with kubedm,bug|question,bug,conflict_resolved_priority:bug+question,https://github.com/kubernetes/kubernetes/issues/108951
108861,"Getting  unknown field ""HostNetwork"" in io.k8s.api.core.v1.PodSpec",bug|question,bug,conflict_resolved_priority:bug+question,https://github.com/kubernetes/kubernetes/issues/108861
108571,kubeadm init fails due to kubelet isn't running,bug|question,bug,conflict_resolved_priority:bug+question,https://github.com/kubernetes/kubernetes/issues/108571
108427,Extended api server blocks deletion of namespace,feature|question,feature,conflict_resolved_priority:feature+question,https://github.com/kubernetes/kubernetes/issues/108427
108105,kubectl logs - doesn't work after changing IP address of the worker node,bug|question,bug,conflict_resolved_priority:bug+question,https://github.com/kubernetes/kubernetes/issues/108105
108098,Please supply repo packages for easy installation of repos to distributions,feature|question,feature,conflict_resolved_priority:feature+question,https://github.com/kubernetes/kubernetes/issues/108098
108097,Please add repo and packages for  centos-stream 8 and 9 ,feature|question,feature,conflict_resolved_priority:feature+question,https://github.com/kubernetes/kubernetes/issues/108097
108069,kube-controller-manager defaults to listen on 127.0.0.1 ONLY,bug|question,bug,conflict_resolved_priority:bug+question,https://github.com/kubernetes/kubernetes/issues/108069
107951,kube-proxy tracelog shows iptable save command output,bug|question,bug,conflict_resolved_priority:bug+question,https://github.com/kubernetes/kubernetes/issues/107951
107929,"After upgrading to 1.22.6, controller manager unhealthy",bug|question,bug,conflict_resolved_priority:bug+question,https://github.com/kubernetes/kubernetes/issues/107929
107818,Over-Mounting an ssh-key using subpath makes the key unusable for the ssh-client,bug|question,bug,conflict_resolved_priority:bug+question,https://github.com/kubernetes/kubernetes/issues/107818
107685,kubeadm 1.19.16-00 depends on kubelet>=1.19.0 which might break upgrade,bug|question,bug,conflict_resolved_priority:bug+question,https://github.com/kubernetes/kubernetes/issues/107685
107281,secret is created with clear text data ,bug|question,bug,conflict_resolved_priority:bug+question,https://github.com/kubernetes/kubernetes/issues/107281
107186,Error from server: error dialing backend: dial tcp [ip]:10250: i/o timeout when running kubectl exec -it ..,bug|question,bug,conflict_resolved_priority:bug+question,https://github.com/kubernetes/kubernetes/issues/107186
107127,Kube pods - coreDNS are always in ContainerCreating state even after the CNI plugin has been loaded. Logs show it is con,bug|question,bug,conflict_resolved_priority:bug+question,https://github.com/kubernetes/kubernetes/issues/107127
107082,Server logs getting spammed multiple times per second with Container Runtime log,bug|question,bug,conflict_resolved_priority:bug+question,https://github.com/kubernetes/kubernetes/issues/107082
106757,kubelet /run interface not support spaces in commad,bug|question,bug,conflict_resolved_priority:bug+question,https://github.com/kubernetes/kubernetes/issues/106757
106649,why coredns oom score is -997?,bug|question,bug,conflict_resolved_priority:bug+question,https://github.com/kubernetes/kubernetes/issues/106649
106642,The kubectl cmd doesn't work after update the k8s Certificate,bug|question,bug,conflict_resolved_priority:bug+question,https://github.com/kubernetes/kubernetes/issues/106642
106618,"node ""k8s-master1"" not found",bug|question,bug,conflict_resolved_priority:bug+question,https://github.com/kubernetes/kubernetes/issues/106618
106304,Curl: (7) Failed connect to Connection refused,bug|question,bug,conflict_resolved_priority:bug+question,https://github.com/kubernetes/kubernetes/issues/106304
106187,master node becomes worker nodes after network partition,bug|question,bug,conflict_resolved_priority:bug+question,https://github.com/kubernetes/kubernetes/issues/106187
106128,kubeadm init fails to download coredns when using --image-repository.,bug|question,bug,conflict_resolved_priority:bug+question,https://github.com/kubernetes/kubernetes/issues/106128
106039,kube-apiserver 1.21+ binary install  deploy calico-etc.yaml error,bug|question,bug,conflict_resolved_priority:bug+question,https://github.com/kubernetes/kubernetes/issues/106039
106033,kubernetes cluster failed to start after reboot the computer,bug|question,bug,conflict_resolved_priority:bug+question,https://github.com/kubernetes/kubernetes/issues/106033
106028,Kubernetes worker not ready without rebooting  and another worker his not ready ,bug|question,bug,conflict_resolved_priority:bug+question,https://github.com/kubernetes/kubernetes/issues/106028
106023,release-1.19 make error,bug|question,bug,conflict_resolved_priority:bug+question,https://github.com/kubernetes/kubernetes/issues/106023
105966,release-1.13 make error,bug|question,bug,conflict_resolved_priority:bug+question,https://github.com/kubernetes/kubernetes/issues/105966
105961,Forbidden error while creating pod,bug|question,bug,conflict_resolved_priority:bug+question,https://github.com/kubernetes/kubernetes/issues/105961
105709,Fail to reach another cluster by external ip:port,bug|question,bug,conflict_resolved_priority:bug+question,https://github.com/kubernetes/kubernetes/issues/105709
105703,Pod looses network connection (connection refused errors) during graceful shutdown period,bug|question,bug,conflict_resolved_priority:bug+question,https://github.com/kubernetes/kubernetes/issues/105703
105635,Newly created service request not getting capture in kong-ingres-controller,bug|question,bug,conflict_resolved_priority:bug+question,https://github.com/kubernetes/kubernetes/issues/105635
105625,NoSchedule,bug|question,bug,conflict_resolved_priority:bug+question,https://github.com/kubernetes/kubernetes/issues/105625
105246,"Error when creating ""myjob.yaml""",bug|question,bug,conflict_resolved_priority:bug+question,https://github.com/kubernetes/kubernetes/issues/105246
105236,Rancher can not access the cluster,bug|question,bug,conflict_resolved_priority:bug+question,https://github.com/kubernetes/kubernetes/issues/105236
105007,kubeadm upgrade can't work with customize pause image,bug|question,bug,conflict_resolved_priority:bug+question,https://github.com/kubernetes/kubernetes/issues/105007
104974,Question: Why to vendor runc in k8s,bug|question,bug,conflict_resolved_priority:bug+question,https://github.com/kubernetes/kubernetes/issues/104974
104896,how to set elasticsearch JVM,feature|question,feature,conflict_resolved_priority:feature+question,https://github.com/kubernetes/kubernetes/issues/104896
104746,kubemark cluster can't work normally,bug|question,bug,conflict_resolved_priority:bug+question,https://github.com/kubernetes/kubernetes/issues/104746
104645,Pod DNS failure,bug|question,bug,conflict_resolved_priority:bug+question,https://github.com/kubernetes/kubernetes/issues/104645
104589,multi dns query for external domain,bug|question,bug,conflict_resolved_priority:bug+question,https://github.com/kubernetes/kubernetes/issues/104589
104479,I am not able to launch nodegroup with custom eks 1.21.2 AMI ,feature|question,feature,conflict_resolved_priority:feature+question,https://github.com/kubernetes/kubernetes/issues/104479
104474,Is there a way to disable GPU for CPU pods?,bug|question,bug,conflict_resolved_priority:bug+question,https://github.com/kubernetes/kubernetes/issues/104474
104411,Duplicates in 1.17 and 1.18 changelogs,bug|question,bug,conflict_resolved_priority:bug+question,https://github.com/kubernetes/kubernetes/issues/104411
104354,Adding Kubernetes Middleware by Casbin to official List,feature|question,feature,conflict_resolved_priority:feature+question,https://github.com/kubernetes/kubernetes/issues/104354
104249,Kubernetes apply command produces 'wrong encoding error',bug|question,bug,conflict_resolved_priority:bug+question,https://github.com/kubernetes/kubernetes/issues/104249
104242,loadBalancerSourceRanges is still not respected on nlb with tls listener and ip target on AWS EKS,bug|question,bug,conflict_resolved_priority:bug+question,https://github.com/kubernetes/kubernetes/issues/104242
104230,Deprecated documentation page,bug|question,bug,conflict_resolved_priority:bug+question,https://github.com/kubernetes/kubernetes/issues/104230
104115,Kubernetes cache data error that block helm install command,bug|question,bug,conflict_resolved_priority:bug+question,https://github.com/kubernetes/kubernetes/issues/104115
104036,unable to access outside ip address in worker nodes,bug|question,bug,conflict_resolved_priority:bug+question,https://github.com/kubernetes/kubernetes/issues/104036
104035,"Unable to access outside ip with domain name , when it is not in /etc/hosts file of pods",bug|question,bug,conflict_resolved_priority:bug+question,https://github.com/kubernetes/kubernetes/issues/104035
104023,Container probes support hooks?,feature|question,feature,conflict_resolved_priority:feature+question,https://github.com/kubernetes/kubernetes/issues/104023
103929,Pod stuck on Running after node lost,bug|question,bug,conflict_resolved_priority:bug+question,https://github.com/kubernetes/kubernetes/issues/103929
103910,kubelet cpu-manager not exclude reserved cpus from DefaultCPUSet,bug|question,bug,conflict_resolved_priority:bug+question,https://github.com/kubernetes/kubernetes/issues/103910
103814,Kubernetes doesn't have a same feature  as Docker's volumes-from,feature|question,feature,conflict_resolved_priority:feature+question,https://github.com/kubernetes/kubernetes/issues/103814
103803,nodelocaldns - please add support for coredns 1.8.3 and 1.8.4,bug|question,bug,conflict_resolved_priority:bug+question,https://github.com/kubernetes/kubernetes/issues/103803
103798,"the server doesn't have a resource type ""coredns""",bug|question,bug,conflict_resolved_priority:bug+question,https://github.com/kubernetes/kubernetes/issues/103798
103773,Mongodb StatefulSet error with Azure File Share,bug|question,bug,conflict_resolved_priority:bug+question,https://github.com/kubernetes/kubernetes/issues/103773
103765,use of closed network connection;Cause the node status to become not ready,bug|question,bug,conflict_resolved_priority:bug+question,https://github.com/kubernetes/kubernetes/issues/103765
103680,"Cannot create certificate signing request: Post ""https://kube.company.com x509: certificate signed by unknown authority",bug|question,bug,conflict_resolved_priority:bug+question,https://github.com/kubernetes/kubernetes/issues/103680
103575,Failed to renew certificate by following official documents,bug|question,bug,conflict_resolved_priority:bug+question,https://github.com/kubernetes/kubernetes/issues/103575
103489,kubeadm init tasks fails when executing in private servers running behind a proxy,bug|question,bug,conflict_resolved_priority:bug+question,https://github.com/kubernetes/kubernetes/issues/103489
103466,Ubuntu 20.04: unable to bootstrap cluster fully (arm64),bug|question,bug,conflict_resolved_priority:bug+question,https://github.com/kubernetes/kubernetes/issues/103466
103446,Kubernetes v1.20 endpoints resource cannot view controller manger or scheduler,bug|question,bug,conflict_resolved_priority:bug+question,https://github.com/kubernetes/kubernetes/issues/103446
103352,kubectl top pod shows wrong memory usage,bug|question,bug,conflict_resolved_priority:bug+question,https://github.com/kubernetes/kubernetes/issues/103352
103147,Two Kubernetes clusters behave differently for the same RBAC,bug|question,bug,conflict_resolved_priority:bug+question,https://github.com/kubernetes/kubernetes/issues/103147
103135,The problem of edge node replacement,bug|question,bug,conflict_resolved_priority:bug+question,https://github.com/kubernetes/kubernetes/issues/103135
102942,kubernetes.tar.gz not found for some versions,bug|question,bug,conflict_resolved_priority:bug+question,https://github.com/kubernetes/kubernetes/issues/102942
102839, Oidc authenticator: initializing plugin: Get https://172.16.x.x/.well-known/openid-configuration: Forbidden,bug|question,bug,conflict_resolved_priority:bug+question,https://github.com/kubernetes/kubernetes/issues/102839
102398,networkpolicy not work cidr: 0.0.0.0/0,bug|question,bug,conflict_resolved_priority:bug+question,https://github.com/kubernetes/kubernetes/issues/102398
102391,Deployments/auth.yaml: No such file or directory,bug|question,bug,conflict_resolved_priority:bug+question,https://github.com/kubernetes/kubernetes/issues/102391
102316,Inconsistent timezone shown for the same object ,bug|question,bug,conflict_resolved_priority:bug+question,https://github.com/kubernetes/kubernetes/issues/102316
102146,kubernetes-cli 1.21.1 does not build on apple arm,bug|question,bug,conflict_resolved_priority:bug+question,https://github.com/kubernetes/kubernetes/issues/102146
102142,Failed while requesting a signed certificate from the master:,bug|question,bug,conflict_resolved_priority:bug+question,https://github.com/kubernetes/kubernetes/issues/102142
102140,Failed while requesting a signed certificate from the master:,bug|question,bug,conflict_resolved_priority:bug+question,https://github.com/kubernetes/kubernetes/issues/102140
102073,"K8S 1.21 : Kubelet fails to start when setting memory-manager-policy as ""static"" or ""none"" in kubelet arguments",bug|question,bug,conflict_resolved_priority:bug+question,https://github.com/kubernetes/kubernetes/issues/102073
102017,FailedGetResourceMetric,bug|question,bug,conflict_resolved_priority:bug+question,https://github.com/kubernetes/kubernetes/issues/102017
101965,controllerManager cluster-signing-duration  configuration does not take effect,bug|question,bug,conflict_resolved_priority:bug+question,https://github.com/kubernetes/kubernetes/issues/101965
101944,Failed to execute the test case,bug|question,bug,conflict_resolved_priority:bug+question,https://github.com/kubernetes/kubernetes/issues/101944
101837,Raspbian cannot start pod,bug|question,bug,conflict_resolved_priority:bug+question,https://github.com/kubernetes/kubernetes/issues/101837
101740,garbage collector does not remove resources,bug|question,bug,conflict_resolved_priority:bug+question,https://github.com/kubernetes/kubernetes/issues/101740
101525,TopologyAwareHints not work,bug|question,bug,conflict_resolved_priority:bug+question,https://github.com/kubernetes/kubernetes/issues/101525
101491,Inconsistent behavior while trying to access service by External IP from within a cluster,bug|question,bug,conflict_resolved_priority:bug+question,https://github.com/kubernetes/kubernetes/issues/101491
101289,Connection with Kubectl does not work over LoadBalancer,bug|question,bug,conflict_resolved_priority:bug+question,https://github.com/kubernetes/kubernetes/issues/101289
101109,How to Validate the Ingress resource and  Validate the path,feature|question,feature,conflict_resolved_priority:feature+question,https://github.com/kubernetes/kubernetes/issues/101109
101101,How to achieve failover within 3 seconds when accessing via service name (kube-proxy) When the node fails,bug|question,bug,conflict_resolved_priority:bug+question,https://github.com/kubernetes/kubernetes/issues/101101
100924,No answer on Kubernetes security email,bug|question,bug,conflict_resolved_priority:bug+question,https://github.com/kubernetes/kubernetes/issues/100924
100869,Experimental patches ignores etcd on join phase control-plane-prepare,bug|question,bug,conflict_resolved_priority:bug+question,https://github.com/kubernetes/kubernetes/issues/100869
100850,"Pod is invalid: spec: Forbidden: pod updates may not change fields other than `spec.containers[*].image`, `spec.initCont",bug|question,bug,conflict_resolved_priority:bug+question,https://github.com/kubernetes/kubernetes/issues/100850
100797,Kubeadm join randomly fails with etcd store not starting,bug|question,bug,conflict_resolved_priority:bug+question,https://github.com/kubernetes/kubernetes/issues/100797
100773,kube-porxy.1.18.17  start BUG,bug|question,bug,conflict_resolved_priority:bug+question,https://github.com/kubernetes/kubernetes/issues/100773
100752,Not able to run podman in kubernetes pod if privilege field in security context is false even though user is root  ,bug|question,bug,conflict_resolved_priority:bug+question,https://github.com/kubernetes/kubernetes/issues/100752
100740,Kubeproxy healthz port exposed to outside kubernetes cluster.,feature|question,feature,conflict_resolved_priority:feature+question,https://github.com/kubernetes/kubernetes/issues/100740
100675,DualStack Node only appears to receive IPv4 InternalIP,bug|question,bug,conflict_resolved_priority:bug+question,https://github.com/kubernetes/kubernetes/issues/100675
100594,[CINDER] /kubelet/plugins/kubernetes.io/cinder/ doesn't exist,bug|question,bug,conflict_resolved_priority:bug+question,https://github.com/kubernetes/kubernetes/issues/100594
100580,ApiServer connect timeout between on worker and master with calico cni,bug|question,bug,conflict_resolved_priority:bug+question,https://github.com/kubernetes/kubernetes/issues/100580
100459,K8S-1.16.3: Secure port for KCM and Kubescheduler health checks.,bug|question,bug,conflict_resolved_priority:bug+question,https://github.com/kubernetes/kubernetes/issues/100459
100174,Kubedm supports k8s component to customize image name or path to pull images.,feature|question,feature,conflict_resolved_priority:feature+question,https://github.com/kubernetes/kubernetes/issues/100174
